interval_start,interval_end,active_peers
2025-09-26 16:30:00-04,2025-09-26 16:45:00-04,974
2025-09-26 16:45:00-04,2025-09-26 17:00:00-04,946
2025-09-26 17:00:00-04,2025-09-26 17:15:00-04,935
2025-09-26 17:15:00-04,2025-09-26 17:30:00-04,929
2025-09-26 17:30:00-04,2025-09-26 17:45:00-04,927
2025-09-26 17:45:00-04,2025-09-26 18:00:00-04,921
2025-09-26 18:00:00-04,2025-09-26 18:15:00-04,921
2025-09-26 18:15:00-04,2025-09-26 18:30:00-04,917
2025-09-26 18:30:00-04,2025-09-26 18:45:00-04,913
2025-09-26 18:45:00-04,2025-09-26 19:00:00-04,911
2025-09-26 19:00:00-04,2025-09-26 19:15:00-04,905
2025-09-26 19:15:00-04,2025-09-26 19:30:00-04,909
2025-09-26 19:30:00-04,2025-09-26 19:45:00-04,899
2025-09-26 19:45:00-04,2025-09-26 20:00:00-04,902
2025-09-26 20:00:00-04,2025-09-26 20:15:00-04,797
2025-09-26 20:15:00-04,2025-09-26 20:30:00-04,793
2025-09-26 20:30:00-04,2025-09-26 20:45:00-04,793
2025-09-26 20:45:00-04,2025-09-26 21:00:00-04,788
2025-09-26 21:00:00-04,2025-09-26 21:15:00-04,787
2025-09-26 21:15:00-04,2025-09-26 21:30:00-04,783
2025-09-26 21:30:00-04,2025-09-26 21:45:00-04,780
2025-09-26 21:45:00-04,2025-09-26 22:00:00-04,768
2025-09-26 22:00:00-04,2025-09-26 22:15:00-04,768
2025-09-26 22:15:00-04,2025-09-26 22:30:00-04,766
2025-09-26 22:30:00-04,2025-09-26 22:45:00-04,762
2025-09-26 22:45:00-04,2025-09-26 23:00:00-04,764
2025-09-26 23:00:00-04,2025-09-26 23:15:00-04,763
2025-09-26 23:15:00-04,2025-09-26 23:30:00-04,763
2025-09-26 23:30:00-04,2025-09-26 23:45:00-04,758
2025-09-26 23:45:00-04,2025-09-27 00:00:00-04,757
2025-09-27 00:00:00-04,2025-09-27 00:15:00-04,754
2025-09-27 00:15:00-04,2025-09-27 00:30:00-04,750
2025-09-27 00:30:00-04,2025-09-27 00:45:00-04,746
2025-09-27 00:45:00-04,2025-09-27 01:00:00-04,746
2025-09-27 01:00:00-04,2025-09-27 01:15:00-04,742
2025-09-27 01:15:00-04,2025-09-27 01:30:00-04,740
2025-09-27 01:30:00-04,2025-09-27 01:45:00-04,737
2025-09-27 01:45:00-04,2025-09-27 02:00:00-04,737
2025-09-27 02:00:00-04,2025-09-27 02:15:00-04,738
2025-09-27 02:15:00-04,2025-09-27 02:30:00-04,739
2025-09-27 02:30:00-04,2025-09-27 02:45:00-04,732
2025-09-27 02:45:00-04,2025-09-27 03:00:00-04,733
2025-09-27 03:00:00-04,2025-09-27 03:15:00-04,726
2025-09-27 03:15:00-04,2025-09-27 03:30:00-04,726
2025-09-27 03:30:00-04,2025-09-27 03:45:00-04,726
2025-09-27 03:45:00-04,2025-09-27 04:00:00-04,727
2025-09-27 04:00:00-04,2025-09-27 04:15:00-04,720
2025-09-27 04:15:00-04,2025-09-27 04:30:00-04,720
2025-09-27 04:30:00-04,2025-09-27 04:45:00-04,721
2025-09-27 04:45:00-04,2025-09-27 05:00:00-04,720
2025-09-27 05:00:00-04,2025-09-27 05:15:00-04,719
2025-09-27 05:15:00-04,2025-09-27 05:30:00-04,717
2025-09-27 05:30:00-04,2025-09-27 05:45:00-04,713
2025-09-27 05:45:00-04,2025-09-27 06:00:00-04,716
2025-09-27 06:00:00-04,2025-09-27 06:15:00-04,715
2025-09-27 06:15:00-04,2025-09-27 06:30:00-04,716
2025-09-27 06:30:00-04,2025-09-27 06:45:00-04,715
2025-09-27 06:45:00-04,2025-09-27 07:00:00-04,712
2025-09-27 07:00:00-04,2025-09-27 07:15:00-04,712
2025-09-27 07:15:00-04,2025-09-27 07:30:00-04,712
2025-09-27 07:30:00-04,2025-09-27 07:45:00-04,714
2025-09-27 07:45:00-04,2025-09-27 08:00:00-04,715
2025-09-27 08:00:00-04,2025-09-27 08:15:00-04,714
2025-09-27 08:15:00-04,2025-09-27 08:30:00-04,714
2025-09-27 08:30:00-04,2025-09-27 08:45:00-04,710
2025-09-27 08:45:00-04,2025-09-27 09:00:00-04,708
2025-09-27 09:00:00-04,2025-09-27 09:15:00-04,705
2025-09-27 09:15:00-04,2025-09-27 09:30:00-04,705
2025-09-27 09:30:00-04,2025-09-27 09:45:00-04,701
2025-09-27 09:45:00-04,2025-09-27 10:00:00-04,700
2025-09-27 10:00:00-04,2025-09-27 10:15:00-04,699
2025-09-27 10:15:00-04,2025-09-27 10:30:00-04,697
2025-09-27 10:30:00-04,2025-09-27 10:45:00-04,698
2025-09-27 10:45:00-04,2025-09-27 11:00:00-04,691
2025-09-27 11:00:00-04,2025-09-27 11:15:00-04,688
2025-09-27 11:15:00-04,2025-09-27 11:30:00-04,681
2025-09-27 11:30:00-04,2025-09-27 11:45:00-04,679
2025-09-27 11:45:00-04,2025-09-27 12:00:00-04,681
2025-09-27 12:00:00-04,2025-09-27 12:15:00-04,680
2025-09-27 12:15:00-04,2025-09-27 12:30:00-04,681
2025-09-27 12:30:00-04,2025-09-27 12:45:00-04,681
2025-09-27 12:45:00-04,2025-09-27 13:00:00-04,681
2025-09-27 13:00:00-04,2025-09-27 13:15:00-04,670
2025-09-27 13:15:00-04,2025-09-27 13:30:00-04,662
2025-09-27 13:30:00-04,2025-09-27 13:45:00-04,661
2025-09-27 13:45:00-04,2025-09-27 14:00:00-04,662
2025-09-27 14:00:00-04,2025-09-27 14:15:00-04,666
2025-09-27 14:15:00-04,2025-09-27 14:30:00-04,660
2025-09-27 14:30:00-04,2025-09-27 14:45:00-04,657
2025-09-27 14:45:00-04,2025-09-27 15:00:00-04,657
2025-09-27 15:00:00-04,2025-09-27 15:15:00-04,654
2025-09-27 15:15:00-04,2025-09-27 15:30:00-04,654
2025-09-27 15:30:00-04,2025-09-27 15:45:00-04,654
2025-09-27 15:45:00-04,2025-09-27 16:00:00-04,644
